Sl No,Date,Gender,Age,Product Category,Quantity,Price per Unit,Total Amount,Advertising_Spend,CardType
0,24-11-2023,Male,34,Beauty,3,50,150,51553,BaseCard
1,27-02-2023,Female,26,Clothing,2,500,1000,53426,BaseCard
2,13-01-2023,Male,50,Electronics,1,30,30,51943,BaseCard
3,21-05-2023,Male,37,Clothing,1,500,500,55481,BaseCard
4,06-05-2023,Male,30,Beauty,2,50,100,50000,BaseCard
5,25-04-2023,Female,45,Beauty,1,30,30,50000,BaseCard
6,13-03-2023,Male,46,Clothing,2,25,50,54740,BaseCard
7,22-02-2023,Male,30,Electronics,4,25,100,52325,BaseCard
8,13-12-2023,Male,63,Electronics,2,300,600,50000,BaseCard
9,07-10-2023,Female,52,Clothing,4,50,200,51751,BaseCard
10,14-02-2023,Male,23,Clothing,2,50,100,50000,BaseCard
11,30-10-2023,Male,35,Beauty,3,25,75,50000,BaseCard
12,05-08-2023,Male,22,Electronics,3,500,1500,59516,PrivilegedCard
13,17-01-2023,Male,64,Clothing,4,30,120,50000,BaseCard
14,16-01-2023,Female,42,Electronics,4,500,2000,60585,PrivilegedCard
15,17-02-2023,Male,19,Clothing,3,500,1500,57103,PrivilegedCard
16,22-04-2023,Female,27,Clothing,4,25,100,50000,BaseCard
17,30-04-2023,Female,47,Electronics,2,25,50,50945,BaseCard
18,16-09-2023,Female,62,Clothing,2,25,50,50000,BaseCard
19,05-11-2023,Male,22,Clothing,3,300,900,50000,BaseCard
20,14-01-2023,Female,50,Beauty,1,500,500,55309,BaseCard
21,15-10-2023,Male,18,Clothing,2,50,100,50000,BaseCard
22,12-04-2023,Female,35,Clothing,4,30,120,50239,BaseCard
23,29-11-2023,Female,49,Clothing,1,300,300,50000,BaseCard
24,26-12-2023,Female,64,Beauty,1,50,50,50000,BaseCard
25,07-10-2023,Female,28,Electronics,2,500,1000,54174,BaseCard
26,03-08-2023,Female,38,Beauty,2,25,50,50000,BaseCard
27,23-04-2023,Female,43,Beauty,1,500,500,52039,BaseCard
28,18-08-2023,Female,42,Electronics,1,30,30,50000,BaseCard
29,29-10-2023,Female,39,Beauty,3,300,900,52218,BaseCard
30,23-05-2023,Male,44,Electronics,4,300,1200,53773,PrivilegedCard
31,04-01-2023,Male,30,Beauty,3,30,90,55574,BaseCard
32,23-03-2023,Female,50,Electronics,2,50,100,50000,BaseCard
33,24-12-2023,Female,51,Clothing,3,50,150,50000,BaseCard
34,05-08-2023,Female,58,Beauty,3,300,900,55561,BaseCard
35,24-06-2023,Male,52,Beauty,3,300,900,50000,BaseCard
36,23-05-2023,Female,18,Beauty,3,25,75,50637,BaseCard
37,21-03-2023,Male,38,Beauty,4,50,200,50000,BaseCard
38,21-04-2023,Male,23,Clothing,4,30,120,50000,BaseCard
39,22-06-2023,Male,45,Beauty,1,50,50,50593,BaseCard
40,22-02-2023,Male,34,Clothing,2,25,50,52218,BaseCard
41,17-02-2023,Male,22,Clothing,3,300,900,53607,BaseCard
42,14-07-2023,Female,48,Clothing,1,300,300,50000,BaseCard
43,19-02-2023,Female,22,Clothing,1,25,25,50000,BaseCard
44,03-07-2023,Female,55,Electronics,1,30,30,50000,BaseCard
45,26-06-2023,Female,20,Electronics,4,300,1200,53419,PrivilegedCard
46,06-11-2023,Female,40,Beauty,3,500,1500,57408,PrivilegedCard
47,16-05-2023,Male,54,Electronics,3,300,900,56265,BaseCard
48,23-01-2023,Female,54,Electronics,2,500,1000,54872,BaseCard
49,24-08-2023,Female,27,Beauty,3,25,75,50000,BaseCard
50,02-10-2023,Male,27,Beauty,3,25,75,50982,BaseCard
51,05-03-2023,Female,36,Beauty,1,300,300,50000,BaseCard
52,13-07-2023,Male,34,Electronics,2,50,100,50000,BaseCard
53,10-02-2023,Female,38,Electronics,3,500,1500,60625,PrivilegedCard
54,10-10-2023,Male,31,Beauty,4,30,120,53129,BaseCard
55,31-05-2023,Female,26,Clothing,3,300,900,55887,BaseCard
56,18-11-2023,Female,63,Beauty,1,30,30,50000,BaseCard
57,13-11-2023,Male,18,Clothing,4,300,1200,54651,PrivilegedCard
58,05-07-2023,Male,62,Clothing,1,50,50,50996,BaseCard
59,23-10-2023,Male,30,Beauty,3,50,150,52990,BaseCard
60,09-04-2023,Male,21,Beauty,4,50,200,50000,BaseCard
61,27-12-2023,Male,18,Beauty,2,50,100,50000,BaseCard
62,05-02-2023,Male,57,Electronics,2,25,50,50000,BaseCard
63,24-01-2023,Male,49,Clothing,4,25,100,50000,BaseCard
64,05-12-2023,Male,51,Electronics,4,500,2000,68197,PrivilegedCard
65,27-04-2023,Female,45,Electronics,1,30,30,54069,BaseCard
66,29-05-2023,Female,48,Beauty,4,300,1200,55362,PrivilegedCard
67,10-02-2023,Male,25,Electronics,1,300,300,53316,BaseCard
68,30-04-2023,Female,56,Beauty,3,25,75,51095,BaseCard
69,21-02-2023,Female,43,Clothing,1,300,300,50000,BaseCard
70,14-07-2023,Female,51,Beauty,4,25,100,51107,BaseCard
71,23-05-2023,Female,20,Electronics,4,500,2000,70374,PrivilegedCard
72,21-08-2023,Male,29,Electronics,3,30,90,50000,BaseCard
73,22-11-2023,Female,18,Beauty,4,500,2000,70454,PrivilegedCard
74,06-07-2023,Male,61,Beauty,4,50,200,50000,BaseCard
75,25-03-2023,Female,22,Electronics,2,50,100,52488,BaseCard
76,09-07-2023,Female,47,Clothing,2,50,100,50284,BaseCard
77,01-07-2023,Female,47,Clothing,3,500,1500,57893,PrivilegedCard
78,18-04-2023,Male,34,Beauty,1,300,300,50581,BaseCard
79,10-12-2023,Female,64,Clothing,2,30,60,50000,BaseCard
80,17-05-2023,Male,40,Electronics,1,50,50,50000,BaseCard
81,26-12-2023,Female,32,Beauty,4,50,200,51195,BaseCard
82,16-12-2023,Male,54,Electronics,2,50,100,54456,BaseCard
83,28-11-2023,Female,38,Electronics,3,30,90,50000,BaseCard
84,06-02-2023,Male,31,Clothing,3,50,150,50000,BaseCard
85,08-11-2023,Male,19,Beauty,3,30,90,50000,BaseCard
86,22-11-2023,Female,28,Beauty,2,50,100,52769,BaseCard
87,29-03-2023,Male,56,Clothing,1,500,500,51898,BaseCard
88,01-10-2023,Female,55,Electronics,4,500,2000,64170,PrivilegedCard
89,06-05-2023,Female,51,Electronics,1,30,30,51540,BaseCard
90,25-03-2023,Female,55,Electronics,1,500,500,51203,BaseCard
91,25-08-2023,Female,51,Electronics,4,30,120,52942,BaseCard
92,14-07-2023,Female,35,Beauty,4,500,2000,63654,PrivilegedCard
93,19-05-2023,Female,47,Beauty,2,500,1000,52858,BaseCard
94,24-11-2023,Female,32,Clothing,2,30,60,50000,BaseCard
95,19-12-2023,Female,44,Clothing,2,300,600,50000,BaseCard
96,13-10-2023,Female,51,Beauty,2,500,1000,54729,BaseCard
97,23-04-2023,Female,55,Beauty,2,50,100,50806,BaseCard
98,17-12-2023,Female,50,Electronics,4,300,1200,55593,PrivilegedCard
99,16-06-2023,Male,41,Electronics,1,30,30,50000,BaseCard
100,29-01-2023,Male,32,Clothing,2,300,600,50000,BaseCard
101,28-04-2023,Female,47,Beauty,2,25,50,50000,BaseCard
102,17-01-2023,Female,59,Clothing,1,25,25,50000,BaseCard
103,11-06-2023,Female,34,Beauty,2,500,1000,51434,BaseCard
104,25-07-2023,Female,22,Electronics,1,500,500,50428,BaseCard
105,18-05-2023,Female,46,Clothing,1,50,50,51215,BaseCard
106,03-02-2023,Female,21,Clothing,4,300,1200,61237,PrivilegedCard
107,19-04-2023,Female,27,Beauty,3,25,75,50534,BaseCard
108,18-10-2023,Female,34,Electronics,4,500,2000,66532,PrivilegedCard
109,11-06-2023,Male,27,Clothing,3,300,900,52870,BaseCard
110,19-04-2023,Female,34,Electronics,3,500,1500,53034,PrivilegedCard
111,02-12-2023,Male,37,Clothing,3,500,1500,58711,PrivilegedCard
112,13-09-2023,Female,41,Electronics,2,25,50,50183,BaseCard
113,22-07-2023,Female,22,Beauty,4,25,100,57412,BaseCard
114,26-11-2023,Male,51,Clothing,3,500,1500,58213,PrivilegedCard
115,23-08-2023,Female,23,Clothing,1,30,30,50905,BaseCard
116,15-03-2023,Male,19,Electronics,2,500,1000,53737,BaseCard
117,16-05-2023,Female,30,Electronics,4,500,2000,62254,PrivilegedCard
118,13-03-2023,Female,60,Clothing,3,50,150,53492,BaseCard
119,07-05-2023,Male,60,Beauty,1,50,50,52258,BaseCard
120,15-10-2023,Female,28,Electronics,4,50,200,52497,BaseCard
121,03-10-2023,Male,64,Electronics,4,30,120,50000,BaseCard
122,15-05-2023,Female,40,Electronics,2,30,60,54213,BaseCard
123,27-10-2023,Male,33,Clothing,4,500,2000,61554,PrivilegedCard
124,08-08-2023,Male,48,Clothing,2,50,100,51783,BaseCard
125,26-10-2023,Female,28,Clothing,3,30,90,56588,BaseCard
126,24-07-2023,Female,33,Clothing,2,25,50,50000,BaseCard
127,05-07-2023,Male,25,Beauty,1,500,500,50000,BaseCard
128,23-04-2023,Female,21,Beauty,2,300,600,51635,BaseCard
129,12-03-2023,Female,57,Clothing,1,500,500,50000,BaseCard
130,18-09-2023,Female,21,Beauty,2,300,600,50000,BaseCard
131,10-09-2023,Male,42,Electronics,4,50,200,50329,BaseCard
132,16-02-2023,Male,20,Electronics,3,300,900,50000,BaseCard
133,25-01-2023,Male,49,Electronics,1,50,50,51423,BaseCard
134,26-02-2023,Male,20,Clothing,2,25,50,50000,BaseCard
135,20-03-2023,Male,44,Electronics,2,300,600,55986,BaseCard
136,18-11-2023,Male,46,Beauty,2,500,1000,51491,BaseCard
137,23-03-2023,Male,49,Clothing,4,50,200,50000,BaseCard
138,15-12-2023,Male,36,Beauty,4,500,2000,68200,PrivilegedCard
139,05-08-2023,Male,38,Electronics,1,30,30,50000,BaseCard
140,02-11-2023,Female,22,Electronics,1,50,50,50685,BaseCard
141,02-02-2023,Male,35,Electronics,4,300,1200,59500,PrivilegedCard
142,17-07-2023,Female,45,Clothing,1,50,50,50000,BaseCard
143,15-07-2023,Female,59,Beauty,3,500,1500,59344,PrivilegedCard
144,02-11-2023,Female,39,Clothing,3,25,75,50790,BaseCard
145,28-08-2023,Male,38,Clothing,4,50,200,52469,BaseCard
146,28-09-2023,Male,23,Electronics,1,300,300,50000,BaseCard
147,09-05-2023,Male,18,Clothing,2,30,60,50000,BaseCard
148,11-10-2023,Male,22,Clothing,3,25,75,51576,BaseCard
149,06-01-2023,Female,58,Electronics,4,30,120,50927,BaseCard
150,15-12-2023,Male,29,Clothing,1,50,50,50754,BaseCard
151,28-02-2023,Male,43,Electronics,4,500,2000,66799,PrivilegedCard
152,16-12-2023,Male,63,Electronics,2,500,1000,51801,BaseCard
153,02-10-2023,Male,51,Electronics,3,300,900,53790,BaseCard
154,17-05-2023,Male,31,Electronics,4,500,2000,66639,PrivilegedCard
155,25-11-2023,Female,43,Clothing,4,25,100,50000,BaseCard
156,24-06-2023,Male,62,Electronics,4,500,2000,71357,PrivilegedCard
157,27-02-2023,Female,44,Electronics,2,300,600,52757,BaseCard
158,31-05-2023,Male,26,Clothing,4,50,200,50000,BaseCard
159,11-08-2023,Female,43,Clothing,2,50,100,51992,BaseCard
160,22-03-2023,Male,64,Beauty,2,500,1000,50917,BaseCard
161,21-08-2023,Male,39,Clothing,2,30,60,52366,BaseCard
162,02-01-2023,Female,64,Clothing,3,50,150,53539,BaseCard
163,15-05-2023,Female,47,Beauty,3,500,1500,56328,PrivilegedCard
164,14-09-2023,Female,60,Clothing,4,300,1200,58468,PrivilegedCard
165,02-04-2023,Male,34,Clothing,4,500,2000,66998,PrivilegedCard
166,17-09-2023,Female,43,Clothing,3,50,150,52529,BaseCard
167,24-02-2023,Male,53,Clothing,1,300,300,55996,BaseCard
168,17-11-2023,Male,18,Beauty,3,500,1500,58054,PrivilegedCard
169,02-06-2023,Female,25,Clothing,2,25,50,50000,BaseCard
170,24-11-2023,Female,52,Clothing,3,300,900,50425,BaseCard
171,17-09-2023,Male,32,Beauty,2,25,50,50000,BaseCard
172,08-11-2023,Male,64,Electronics,4,30,120,50000,BaseCard
173,12-04-2023,Female,39,Beauty,1,300,300,51329,BaseCard
174,20-03-2023,Female,31,Electronics,4,25,100,50853,BaseCard
175,11-07-2023,Female,43,Beauty,2,50,100,52504,BaseCard
176,24-03-2023,Male,45,Beauty,2,50,100,50062,BaseCard
177,04-10-2023,Male,40,Clothing,2,30,60,54366,BaseCard
178,29-09-2023,Male,31,Electronics,1,300,300,50000,BaseCard
179,01-01-2023,Male,41,Clothing,3,300,900,61254,BaseCard
180,03-11-2023,Male,19,Electronics,4,300,1200,57455,PrivilegedCard
181,15-06-2023,Male,62,Beauty,4,30,120,50000,BaseCard
182,08-09-2023,Female,43,Beauty,3,300,900,50000,BaseCard
183,10-01-2023,Male,31,Electronics,4,50,200,51571,BaseCard
184,27-02-2023,Male,24,Clothing,1,25,25,50000,BaseCard
185,05-07-2023,Male,20,Clothing,4,50,200,52266,BaseCard
186,07-06-2023,Female,64,Clothing,2,50,100,51442,BaseCard
187,03-05-2023,Male,40,Clothing,3,25,75,50000,BaseCard
188,30-01-2023,Male,63,Beauty,1,50,50,50000,BaseCard
189,04-05-2023,Female,60,Beauty,3,30,90,50000,BaseCard
190,18-10-2023,Male,64,Beauty,1,25,25,50000,BaseCard
191,10-02-2023,Male,62,Beauty,2,50,100,52592,BaseCard
192,13-02-2023,Male,35,Beauty,3,500,1500,59432,PrivilegedCard
193,06-09-2023,Male,55,Clothing,4,50,200,50000,BaseCard
194,05-02-2023,Male,52,Clothing,1,30,30,50520,BaseCard
195,30-09-2023,Female,32,Clothing,3,300,900,54249,BaseCard
196,06-03-2023,Female,42,Clothing,4,50,200,50000,BaseCard
197,07-03-2023,Female,54,Beauty,3,300,900,53555,BaseCard
198,04-12-2023,Male,45,Beauty,3,500,1500,58965,PrivilegedCard
199,01-09-2023,Male,27,Beauty,3,50,150,50000,BaseCard
200,09-10-2023,Male,56,Electronics,1,25,25,51073,BaseCard
201,26-03-2023,Female,34,Clothing,4,300,1200,57260,PrivilegedCard
202,16-05-2023,Male,56,Clothing,2,500,1000,57090,BaseCard
203,28-09-2023,Male,39,Beauty,1,25,25,53161,BaseCard
204,07-11-2023,Female,43,Clothing,1,25,25,50000,BaseCard
205,05-08-2023,Male,61,Clothing,1,25,25,50000,BaseCard
206,19-04-2023,Female,42,Beauty,2,25,50,51548,BaseCard
207,04-10-2023,Female,34,Electronics,4,50,200,51665,BaseCard
208,20-12-2023,Female,30,Electronics,4,50,200,51669,BaseCard
209,13-04-2023,Male,37,Electronics,4,50,200,61682,BaseCard
210,01-01-2024,Male,42,Beauty,3,500,1500,60503,PrivilegedCard
211,09-06-2023,Male,21,Clothing,3,500,1500,62197,PrivilegedCard
212,24-07-2023,Male,27,Beauty,3,500,1500,61652,PrivilegedCard
213,10-12-2023,Male,20,Beauty,2,30,60,51959,BaseCard
214,29-11-2023,Male,58,Clothing,3,500,1500,57844,PrivilegedCard
215,11-07-2023,Male,62,Electronics,2,50,100,52300,BaseCard
216,13-08-2023,Female,35,Electronics,4,50,200,50000,BaseCard
217,22-09-2023,Male,64,Beauty,3,30,90,50000,BaseCard
218,20-08-2023,Female,53,Electronics,3,30,90,50000,BaseCard
219,03-03-2023,Male,64,Beauty,1,500,500,51157,BaseCard
220,07-05-2023,Male,39,Beauty,2,300,600,58280,BaseCard
221,26-04-2023,Male,51,Clothing,4,30,120,50000,BaseCard
222,02-02-2023,Female,64,Clothing,1,25,25,52059,BaseCard
223,23-06-2023,Female,25,Clothing,1,50,50,50000,BaseCard
224,11-01-2023,Female,57,Beauty,4,25,100,50000,BaseCard
225,29-10-2023,Female,61,Clothing,1,50,50,53269,BaseCard
226,11-10-2023,Male,36,Electronics,2,50,100,50216,BaseCard
227,28-04-2023,Female,59,Electronics,2,30,60,50000,BaseCard
228,29-10-2023,Male,58,Beauty,3,30,90,50000,BaseCard
229,23-04-2023,Male,54,Beauty,1,25,25,52039,BaseCard
230,04-01-2023,Female,23,Clothing,3,50,150,50000,BaseCard
231,06-02-2023,Female,43,Beauty,1,25,25,50649,BaseCard
232,29-12-2023,Female,51,Beauty,2,300,600,51473,BaseCard
233,20-11-2023,Female,62,Electronics,2,25,50,50000,BaseCard
234,31-01-2023,Female,23,Electronics,2,500,1000,60273,BaseCard
235,28-04-2023,Female,54,Clothing,1,25,25,51902,BaseCard
236,04-02-2023,Female,50,Beauty,2,500,1000,50000,BaseCard
237,17-01-2023,Female,39,Beauty,1,500,500,51471,BaseCard
238,19-06-2023,Male,38,Electronics,3,500,1500,56805,PrivilegedCard
239,06-02-2023,Female,23,Beauty,1,300,300,52863,BaseCard
240,21-09-2023,Female,23,Electronics,3,25,75,50000,BaseCard
241,02-05-2023,Male,21,Clothing,1,25,25,50000,BaseCard
242,23-05-2023,Female,47,Electronics,3,300,900,54608,BaseCard
243,09-12-2023,Male,28,Beauty,2,50,100,52620,BaseCard
244,06-09-2023,Male,47,Clothing,3,30,90,50000,BaseCard
245,20-04-2023,Female,48,Electronics,2,25,50,50000,BaseCard
246,04-10-2023,Male,41,Electronics,2,30,60,50000,BaseCard
247,09-03-2023,Male,26,Clothing,3,300,900,51133,BaseCard
248,20-10-2023,Male,20,Clothing,1,50,50,55299,BaseCard
249,23-10-2023,Male,48,Electronics,1,50,50,51217,BaseCard
250,31-08-2023,Female,57,Beauty,4,50,200,50000,BaseCard
251,05-05-2023,Male,54,Electronics,1,300,300,53059,BaseCard
252,31-08-2023,Female,53,Clothing,4,500,2000,72126,PrivilegedCard
253,28-07-2023,Male,41,Electronics,1,500,500,54009,BaseCard
254,08-04-2023,Male,48,Clothing,1,30,30,50000,BaseCard
255,18-02-2023,Male,23,Clothing,2,500,1000,52388,BaseCard
256,19-02-2023,Male,19,Beauty,4,500,2000,69560,PrivilegedCard
257,04-12-2023,Female,37,Clothing,1,50,50,50000,BaseCard
258,09-08-2023,Female,45,Clothing,4,50,200,51455,BaseCard
259,01-07-2023,Male,28,Beauty,2,30,60,52329,BaseCard
260,05-08-2023,Male,21,Clothing,2,25,50,50000,BaseCard
261,30-07-2023,Female,32,Beauty,4,30,120,50000,BaseCard
262,28-08-2023,Male,23,Beauty,2,30,60,50000,BaseCard
263,28-01-2023,Male,47,Clothing,3,300,900,50020,BaseCard
264,11-12-2023,Male,55,Clothing,3,300,900,52336,BaseCard
265,01-12-2023,Female,19,Electronics,2,30,60,50000,BaseCard
266,27-11-2023,Female,32,Beauty,3,30,90,54914,BaseCard
267,20-02-2023,Female,28,Electronics,1,30,30,50000,BaseCard
268,01-02-2023,Male,25,Clothing,4,500,2000,64440,PrivilegedCard
269,26-07-2023,Male,43,Electronics,1,300,300,50698,BaseCard
270,23-06-2023,Female,62,Beauty,4,30,120,54360,BaseCard
271,25-02-2023,Female,61,Electronics,2,50,100,50000,BaseCard
272,08-05-2023,Female,22,Beauty,1,50,50,53492,BaseCard
273,09-04-2023,Female,23,Clothing,2,500,1000,53872,BaseCard
274,08-04-2023,Male,43,Clothing,2,500,1000,50896,BaseCard
275,02-10-2023,Female,21,Beauty,4,25,100,51409,BaseCard
276,18-08-2023,Male,36,Clothing,4,25,100,50620,BaseCard
277,13-03-2023,Female,37,Clothing,4,25,100,50000,BaseCard
278,05-08-2023,Male,50,Clothing,1,500,500,51121,BaseCard
279,04-04-2023,Female,37,Clothing,3,500,1500,57634,PrivilegedCard
280,23-05-2023,Female,29,Beauty,4,500,2000,66100,PrivilegedCard
281,25-08-2023,Female,64,Electronics,4,50,200,52110,BaseCard
282,08-05-2023,Female,18,Electronics,1,500,500,55670,BaseCard
283,08-02-2023,Male,43,Clothing,4,50,200,50000,BaseCard
284,15-08-2023,Female,31,Electronics,1,25,25,56399,BaseCard
285,09-10-2023,Male,55,Electronics,2,25,50,50000,BaseCard
286,20-02-2023,Male,54,Clothing,4,25,100,50000,BaseCard
287,26-01-2023,Male,28,Clothing,4,30,120,51801,BaseCard
288,30-11-2023,Male,53,Electronics,2,30,60,50848,BaseCard
289,04-10-2023,Female,30,Beauty,2,300,600,50000,BaseCard
290,08-01-2023,Male,60,Clothing,2,300,600,50711,BaseCard
291,17-02-2023,Male,20,Beauty,4,300,1200,54099,PrivilegedCard
292,02-05-2023,Male,50,Electronics,3,30,90,50000,BaseCard
293,27-03-2023,Female,23,Clothing,3,30,90,52566,BaseCard
294,28-07-2023,Female,27,Beauty,3,300,900,54164,BaseCard
295,06-09-2023,Female,22,Clothing,4,300,1200,53499,PrivilegedCard
296,04-09-2023,Female,40,Electronics,2,500,1000,56540,BaseCard
297,20-04-2023,Male,27,Beauty,4,300,1200,56500,PrivilegedCard
298,25-07-2023,Male,61,Electronics,2,500,1000,56279,BaseCard
299,31-01-2023,Female,19,Electronics,4,50,200,52013,BaseCard
300,26-03-2023,Male,30,Clothing,4,30,120,50000,BaseCard
301,14-07-2023,Male,57,Beauty,2,300,600,50000,BaseCard
302,02-01-2023,Male,19,Electronics,3,30,90,52259,BaseCard
303,19-07-2023,Female,37,Electronics,2,30,60,51836,BaseCard
304,16-05-2023,Female,18,Beauty,1,30,30,50000,BaseCard
305,21-08-2023,Male,54,Electronics,1,50,50,50355,BaseCard
306,27-05-2023,Female,26,Electronics,2,25,50,53836,BaseCard
307,05-08-2023,Female,34,Beauty,4,300,1200,53803,PrivilegedCard
308,23-12-2023,Female,26,Beauty,1,25,25,51641,BaseCard
309,12-10-2023,Female,28,Beauty,1,25,25,50000,BaseCard
310,05-12-2023,Female,32,Beauty,4,25,100,50000,BaseCard
311,07-09-2023,Male,41,Clothing,4,30,120,53333,BaseCard
312,21-03-2023,Female,55,Beauty,3,500,1500,61266,PrivilegedCard
313,08-04-2023,Male,52,Clothing,4,30,120,52477,BaseCard
314,01-06-2023,Male,47,Clothing,2,30,60,53921,BaseCard
315,22-04-2023,Female,48,Clothing,2,25,50,50066,BaseCard
316,30-01-2023,Male,22,Electronics,3,30,90,52063,BaseCard
317,24-10-2023,Male,61,Clothing,1,25,25,50000,BaseCard
318,05-10-2023,Male,31,Clothing,1,500,500,51884,BaseCard
319,01-02-2023,Female,28,Electronics,4,300,1200,55188,PrivilegedCard
320,10-06-2023,Female,26,Electronics,2,25,50,50294,BaseCard
321,30-01-2023,Male,51,Electronics,1,500,500,52697,BaseCard
322,26-01-2023,Female,29,Beauty,3,300,900,50639,BaseCard
323,27-10-2023,Female,52,Electronics,3,50,150,56340,BaseCard
324,02-09-2023,Female,52,Electronics,2,25,50,50000,BaseCard
325,15-09-2023,Female,18,Clothing,3,25,75,50000,BaseCard
326,29-09-2023,Male,57,Electronics,3,50,150,53537,BaseCard
327,22-03-2023,Male,39,Beauty,2,50,100,52398,BaseCard
328,30-01-2023,Female,46,Electronics,4,25,100,51895,BaseCard
329,18-09-2023,Female,25,Beauty,4,50,200,52009,BaseCard
330,11-02-2023,Male,28,Electronics,3,30,90,50000,BaseCard
331,06-04-2023,Male,58,Electronics,4,300,1200,52886,PrivilegedCard
332,05-02-2023,Female,54,Electronics,4,300,1200,55806,PrivilegedCard
333,01-11-2023,Male,31,Electronics,3,300,900,51062,BaseCard
334,04-02-2023,Female,47,Beauty,4,30,120,52962,BaseCard
335,12-12-2023,Female,52,Beauty,3,50,150,50000,BaseCard
336,01-05-2023,Male,38,Clothing,1,500,500,50000,BaseCard
337,26-07-2023,Male,54,Beauty,2,50,100,50000,BaseCard
338,03-03-2023,Female,22,Electronics,2,25,50,51241,BaseCard
339,19-10-2023,Female,36,Clothing,4,300,1200,53887,PrivilegedCard
340,07-05-2023,Male,31,Clothing,4,50,200,50000,BaseCard
341,24-10-2023,Female,43,Clothing,4,500,2000,66491,PrivilegedCard
342,01-11-2023,Male,21,Electronics,2,25,50,50737,BaseCard
343,21-01-2023,Female,42,Beauty,1,30,30,50000,BaseCard
344,14-11-2023,Male,62,Electronics,1,30,30,50000,BaseCard
345,11-02-2023,Male,59,Clothing,2,500,1000,54537,BaseCard
346,03-08-2023,Male,42,Electronics,1,25,25,50000,BaseCard
347,03-12-2023,Female,35,Electronics,2,300,600,50000,BaseCard
348,26-10-2023,Female,57,Beauty,1,50,50,50000,BaseCard
349,17-10-2023,Male,25,Beauty,3,25,75,50000,BaseCard
350,25-09-2023,Female,56,Clothing,3,30,90,50950,BaseCard
351,11-06-2023,Male,57,Electronics,2,500,1000,58267,BaseCard
352,14-05-2023,Male,31,Electronics,1,500,500,53485,BaseCard
353,15-04-2023,Female,49,Beauty,4,50,200,50000,BaseCard
354,09-12-2023,Female,55,Electronics,1,500,500,50855,BaseCard
355,10-06-2023,Male,50,Electronics,3,500,1500,55783,PrivilegedCard
356,03-05-2023,Female,40,Electronics,3,25,75,50000,BaseCard
357,16-05-2023,Female,32,Beauty,1,300,300,50000,BaseCard
358,22-07-2023,Male,50,Clothing,1,50,50,50971,BaseCard
359,09-03-2023,Male,42,Clothing,4,25,100,50000,BaseCard
360,10-12-2023,Female,34,Electronics,4,300,1200,57136,PrivilegedCard
361,27-11-2023,Male,50,Clothing,1,25,25,54598,BaseCard
362,03-06-2023,Male,64,Beauty,1,25,25,50000,BaseCard
363,23-08-2023,Female,19,Beauty,1,500,500,52117,BaseCard
364,11-06-2023,Male,31,Clothing,1,300,300,52376,BaseCard
365,07-02-2023,Male,57,Clothing,2,50,100,50000,BaseCard
366,05-01-2023,Female,57,Electronics,1,50,50,50675,BaseCard
367,23-08-2023,Female,56,Clothing,4,300,1200,55616,PrivilegedCard
368,15-11-2023,Male,23,Electronics,3,500,1500,59083,PrivilegedCard
369,16-10-2023,Male,23,Electronics,2,30,60,50000,BaseCard
370,21-02-2023,Female,20,Beauty,1,25,25,50074,BaseCard
371,07-02-2023,Female,24,Beauty,3,500,1500,60284,PrivilegedCard
372,03-10-2023,Female,25,Beauty,2,300,600,55689,BaseCard
373,20-04-2023,Female,59,Beauty,3,25,75,52888,BaseCard
374,17-09-2023,Male,32,Clothing,1,50,50,56462,BaseCard
375,16-05-2023,Female,64,Beauty,1,30,30,50000,BaseCard
376,09-03-2023,Female,46,Clothing,4,50,200,52741,BaseCard
377,28-06-2023,Male,50,Beauty,1,300,300,50856,BaseCard
378,05-02-2023,Female,47,Clothing,1,25,25,56569,BaseCard
379,06-05-2023,Male,56,Electronics,2,300,600,50000,BaseCard
380,09-07-2023,Female,44,Clothing,4,25,100,50000,BaseCard
381,26-05-2023,Female,53,Clothing,2,500,1000,52043,BaseCard
382,22-03-2023,Female,46,Beauty,3,30,90,50000,BaseCard
383,13-08-2023,Male,55,Clothing,1,500,500,50000,BaseCard
384,06-10-2023,Male,50,Electronics,3,500,1500,56513,PrivilegedCard
385,27-12-2023,Female,54,Electronics,2,300,600,51787,BaseCard
386,04-06-2023,Male,44,Beauty,1,30,30,51025,BaseCard
387,10-11-2023,Male,50,Electronics,1,25,25,55629,BaseCard
388,01-12-2023,Male,21,Clothing,2,25,50,52854,BaseCard
389,28-09-2023,Male,39,Electronics,2,50,100,50000,BaseCard
390,05-01-2023,Male,19,Beauty,2,25,50,50000,BaseCard
391,08-12-2023,Male,27,Clothing,2,300,600,52812,BaseCard
392,11-10-2023,Female,22,Beauty,2,500,1000,50000,BaseCard
393,03-06-2023,Female,27,Clothing,1,500,500,56406,BaseCard
394,06-12-2023,Male,50,Electronics,2,500,1000,57379,BaseCard
395,23-02-2023,Female,55,Beauty,1,30,30,50000,BaseCard
396,10-03-2023,Female,30,Beauty,1,25,25,50000,BaseCard
397,16-05-2023,Female,48,Clothing,2,300,600,55397,BaseCard
398,01-03-2023,Female,64,Beauty,2,30,60,50000,BaseCard
399,24-02-2023,Male,53,Clothing,4,50,200,53837,BaseCard
400,11-10-2023,Female,62,Clothing,1,300,300,50000,BaseCard
401,21-03-2023,Female,41,Clothing,2,300,600,50000,BaseCard
402,20-05-2023,Male,32,Clothing,2,300,600,51352,BaseCard
403,25-05-2023,Male,46,Electronics,2,500,1000,53982,BaseCard
404,06-11-2023,Female,25,Clothing,4,300,1200,54228,PrivilegedCard
405,18-04-2023,Female,22,Beauty,4,25,100,51891,BaseCard
406,25-06-2023,Female,46,Electronics,3,300,900,50000,BaseCard
407,15-04-2023,Female,64,Beauty,1,500,500,50484,BaseCard
408,18-12-2023,Female,21,Electronics,3,300,900,53454,BaseCard
409,21-11-2023,Female,29,Clothing,2,50,100,51566,BaseCard
410,16-05-2023,Male,62,Electronics,4,50,200,52259,BaseCard
411,16-09-2023,Female,19,Electronics,4,500,2000,62386,PrivilegedCard
412,08-09-2023,Female,44,Beauty,3,25,75,50000,BaseCard
413,09-05-2023,Male,48,Beauty,4,25,100,53856,BaseCard
414,27-01-2023,Male,53,Clothing,2,30,60,51002,BaseCard
415,17-02-2023,Male,53,Electronics,4,500,2000,63514,PrivilegedCard
416,21-11-2023,Male,43,Electronics,3,300,900,57747,BaseCard
417,05-08-2023,Female,60,Electronics,2,500,1000,54188,BaseCard
418,22-05-2023,Female,44,Clothing,3,30,90,53555,BaseCard
419,23-01-2023,Female,22,Clothing,4,500,2000,65962,PrivilegedCard
420,02-01-2023,Female,37,Clothing,3,500,1500,64972,PrivilegedCard
421,20-06-2023,Female,28,Clothing,3,30,90,55283,BaseCard
422,08-03-2023,Female,27,Clothing,1,25,25,50000,BaseCard
423,23-11-2023,Male,57,Beauty,4,300,1200,58493,PrivilegedCard
424,15-05-2023,Female,55,Electronics,4,30,120,51973,BaseCard
425,24-03-2023,Male,23,Electronics,3,50,150,54169,BaseCard
426,15-08-2023,Male,25,Electronics,1,25,25,50000,BaseCard
427,10-10-2023,Female,40,Electronics,4,50,200,52182,BaseCard
428,28-12-2023,Male,64,Electronics,2,25,50,53178,BaseCard
429,07-08-2023,Female,43,Electronics,3,300,900,50000,BaseCard
430,15-10-2023,Male,63,Electronics,4,300,1200,52028,PrivilegedCard
431,05-01-2023,Female,60,Electronics,2,500,1000,50000,BaseCard
432,27-02-2023,Male,29,Beauty,4,50,200,50000,BaseCard
433,08-02-2023,Female,43,Electronics,2,25,50,52155,BaseCard
434,20-12-2023,Female,30,Beauty,3,300,900,57600,BaseCard
435,18-03-2023,Female,57,Clothing,4,30,120,50259,BaseCard
436,07-10-2023,Female,35,Electronics,4,300,1200,60464,PrivilegedCard
437,19-01-2023,Female,42,Clothing,1,30,30,50000,BaseCard
438,09-07-2023,Male,50,Clothing,3,25,75,50000,BaseCard
439,26-10-2023,Male,64,Clothing,2,300,600,51169,BaseCard
440,10-10-2023,Male,57,Beauty,4,300,1200,56730,PrivilegedCard
441,17-03-2023,Female,60,Clothing,4,25,100,50000,BaseCard
442,09-08-2023,Male,29,Clothing,2,300,600,50000,BaseCard
443,07-03-2023,Female,61,Clothing,3,30,90,50000,BaseCard
444,22-01-2023,Female,53,Electronics,1,300,300,50000,BaseCard
445,07-06-2023,Male,21,Electronics,1,50,50,52012,BaseCard
446,06-07-2023,Male,22,Beauty,4,500,5000,150000,PrivilegedCard
447,21-01-2023,Female,54,Beauty,2,30,60,50000,BaseCard
448,03-07-2023,Male,25,Electronics,4,50,200,50000,BaseCard
449,18-04-2023,Female,59,Beauty,2,25,50,50000,BaseCard
450,16-12-2023,Female,45,Electronics,1,30,30,50000,BaseCard
451,08-05-2023,Female,48,Clothing,3,500,1500,61656,PrivilegedCard
452,08-12-2023,Female,26,Clothing,2,500,1000,50884,BaseCard
453,22-02-2023,Female,46,Beauty,1,25,25,51512,BaseCard
454,01-07-2023,Male,31,Electronics,4,25,100,50000,BaseCard
455,14-10-2023,Male,57,Electronics,2,30,60,50000,BaseCard
456,28-07-2023,Female,58,Beauty,3,300,900,52772,BaseCard
457,14-11-2023,Female,39,Electronics,4,25,100,50000,BaseCard
458,21-03-2023,Male,28,Clothing,4,300,1200,53917,PrivilegedCard
459,02-05-2023,Male,40,Beauty,1,50,50,50000,BaseCard
460,25-03-2023,Female,18,Beauty,2,500,1000,59735,BaseCard
461,01-04-2023,Male,63,Electronics,4,300,1200,55684,PrivilegedCard
462,31-07-2023,Female,54,Beauty,3,500,1500,56691,PrivilegedCard
463,13-01-2023,Male,38,Electronics,2,300,600,51978,BaseCard
464,02-04-2023,Female,43,Electronics,3,50,150,50000,BaseCard
465,20-06-2023,Male,63,Electronics,4,25,100,50000,BaseCard
466,30-07-2023,Female,53,Electronics,3,50,150,51906,BaseCard
467,09-12-2023,Male,40,Electronics,1,25,25,52273,BaseCard
468,08-05-2023,Male,18,Beauty,3,25,75,50000,BaseCard
469,17-05-2023,Female,57,Clothing,2,500,1000,52113,BaseCard
470,23-03-2023,Male,32,Clothing,3,50,150,50000,BaseCard
471,26-12-2023,Female,38,Beauty,3,300,900,50000,BaseCard
472,25-02-2023,Male,64,Beauty,1,50,50,50000,BaseCard
473,15-07-2023,Female,26,Clothing,3,500,1500,62891,PrivilegedCard
474,20-01-2023,Male,26,Clothing,3,25,75,54945,BaseCard
475,29-08-2023,Female,27,Clothing,4,500,2000,65013,PrivilegedCard
476,24-04-2023,Male,43,Clothing,4,30,120,51766,BaseCard
477,13-04-2023,Female,58,Clothing,2,30,60,50939,BaseCard
478,24-08-2023,Male,52,Electronics,4,300,1200,64815,PrivilegedCard
479,29-06-2023,Female,42,Beauty,4,500,2000,69118,PrivilegedCard
480,06-06-2023,Female,43,Electronics,4,300,1200,55194,PrivilegedCard
481,27-04-2023,Female,28,Clothing,4,300,1200,52712,PrivilegedCard
482,25-04-2023,Male,55,Clothing,1,30,30,50000,BaseCard
483,13-01-2023,Female,19,Clothing,4,300,1200,56189,PrivilegedCard
484,04-12-2023,Male,24,Electronics,1,30,30,50000,BaseCard
485,09-04-2023,Female,35,Electronics,1,25,25,50000,BaseCard
486,24-07-2023,Male,44,Clothing,4,500,2000,63820,PrivilegedCard
487,18-06-2023,Female,51,Electronics,3,300,900,50000,BaseCard
488,23-05-2023,Male,44,Electronics,1,30,30,55062,BaseCard
489,05-02-2023,Male,34,Clothing,3,50,150,52708,BaseCard
490,23-05-2023,Female,60,Electronics,3,300,900,53069,BaseCard
491,29-06-2023,Male,61,Beauty,4,25,100,54463,BaseCard
492,25-11-2023,Male,41,Beauty,2,25,50,50235,BaseCard
493,18-09-2023,Female,42,Beauty,4,50,200,50000,BaseCard
494,24-07-2023,Male,24,Beauty,2,30,60,54574,BaseCard
495,14-12-2023,Male,23,Clothing,2,300,600,52953,BaseCard
496,02-10-2023,Male,41,Clothing,4,30,120,50000,BaseCard
497,19-06-2023,Female,50,Clothing,4,25,100,50000,BaseCard
498,15-01-2023,Male,46,Beauty,2,30,60,50000,BaseCard
499,01-03-2023,Female,60,Beauty,4,25,100,50000,BaseCard
500,14-05-2023,Male,39,Electronics,2,30,60,52783,BaseCard
501,02-04-2023,Male,43,Electronics,3,50,150,55791,BaseCard
502,25-10-2023,Male,45,Beauty,4,500,2000,61564,PrivilegedCard
503,16-05-2023,Female,38,Beauty,3,50,150,51752,BaseCard
504,20-01-2023,Male,24,Beauty,1,50,50,50000,BaseCard
505,25-02-2023,Male,34,Beauty,3,500,1500,57329,PrivilegedCard
506,02-11-2023,Female,37,Electronics,3,500,1500,57013,PrivilegedCard
507,11-08-2023,Male,58,Beauty,2,300,600,50000,BaseCard
508,26-06-2023,Female,37,Electronics,3,300,900,53239,BaseCard
509,10-06-2023,Female,39,Beauty,4,50,200,50000,BaseCard
510,12-08-2023,Male,45,Beauty,2,50,100,50834,BaseCard
511,07-11-2023,Female,57,Beauty,1,25,25,50000,BaseCard
512,19-09-2023,Male,24,Electronics,4,25,100,50000,BaseCard
513,01-03-2023,Female,18,Electronics,1,300,300,50000,BaseCard
514,17-07-2023,Female,49,Clothing,3,300,900,51363,BaseCard
515,23-10-2023,Male,30,Beauty,4,25,100,52289,BaseCard
516,08-04-2023,Female,47,Clothing,4,25,100,51525,BaseCard
517,11-05-2023,Female,40,Clothing,1,30,30,50000,BaseCard
518,23-01-2023,Female,36,Electronics,4,30,120,50334,BaseCard
519,29-12-2023,Female,49,Electronics,4,25,100,52277,BaseCard
520,12-08-2023,Female,47,Clothing,4,30,120,50000,BaseCard
521,01-01-2023,Male,46,Beauty,3,500,1500,60420,PrivilegedCard
522,24-09-2023,Female,62,Electronics,1,300,300,50000,BaseCard
523,03-10-2023,Male,46,Beauty,4,300,1200,57290,PrivilegedCard
524,18-12-2023,Female,47,Beauty,2,25,50,50000,BaseCard
525,10-12-2023,Male,33,Clothing,2,50,100,50000,BaseCard
526,11-04-2023,Male,57,Clothing,2,25,50,50000,BaseCard
527,06-07-2023,Female,36,Clothing,2,30,60,50149,BaseCard
528,09-08-2023,Female,35,Clothing,3,50,150,50842,BaseCard
529,05-02-2023,Female,18,Electronics,4,30,120,50000,BaseCard
530,07-12-2023,Male,31,Electronics,1,500,500,52827,BaseCard
531,19-06-2023,Female,64,Clothing,4,30,120,50000,BaseCard
532,16-11-2023,Male,19,Electronics,3,500,1500,58592,PrivilegedCard
533,10-06-2023,Male,45,Clothing,2,500,1000,50208,BaseCard
534,06-12-2023,Male,47,Beauty,3,30,90,50000,BaseCard
535,05-03-2023,Female,55,Beauty,4,30,120,50179,BaseCard
536,03-06-2023,Female,21,Beauty,1,500,500,50000,BaseCard
537,17-09-2023,Male,18,Clothing,3,50,150,50000,BaseCard
538,08-06-2023,Male,25,Beauty,1,500,500,53930,BaseCard
539,08-12-2023,Female,46,Electronics,3,300,900,51363,BaseCard
540,29-07-2023,Male,56,Beauty,1,500,500,53419,BaseCard
541,17-06-2023,Female,20,Beauty,1,50,50,50000,BaseCard
542,26-07-2023,Male,49,Beauty,2,300,600,52925,BaseCard
543,23-12-2023,Female,27,Electronics,1,25,25,54325,BaseCard
544,01-06-2023,Male,27,Clothing,2,25,50,50000,BaseCard
545,11-10-2023,Female,36,Electronics,4,50,200,50000,BaseCard
546,07-03-2023,Male,63,Clothing,4,500,2000,67491,PrivilegedCard
547,09-04-2023,Female,51,Clothing,2,30,60,50000,BaseCard
548,04-08-2023,Female,50,Beauty,2,50,100,51136,BaseCard
549,07-12-2023,Male,40,Clothing,3,300,900,51281,BaseCard
550,14-07-2023,Male,45,Electronics,3,300,900,53353,BaseCard
551,13-12-2023,Female,49,Electronics,3,25,75,50000,BaseCard
552,31-03-2023,Male,24,Clothing,4,300,1200,59081,PrivilegedCard
553,12-11-2023,Female,46,Beauty,3,50,150,50826,BaseCard
554,19-10-2023,Male,25,Beauty,1,300,300,51318,BaseCard
555,04-06-2023,Female,18,Electronics,1,50,50,50000,BaseCard
556,27-07-2023,Female,20,Beauty,3,30,90,50000,BaseCard
557,08-10-2023,Female,41,Clothing,1,25,25,50000,BaseCard
558,01-01-2023,Female,40,Clothing,4,300,1200,56761,PrivilegedCard
559,05-06-2023,Female,25,Electronics,1,50,50,50000,BaseCard
560,27-05-2023,Female,64,Clothing,4,500,2000,66629,PrivilegedCard
561,18-04-2023,Male,54,Electronics,2,25,50,56229,BaseCard
562,09-08-2023,Male,20,Clothing,2,30,60,52618,BaseCard
563,24-10-2023,Male,50,Electronics,2,50,100,50000,BaseCard
564,07-11-2023,Female,45,Beauty,2,30,60,53609,BaseCard
565,02-12-2023,Female,64,Clothing,1,30,30,50000,BaseCard
566,14-06-2023,Female,25,Clothing,3,300,900,50000,BaseCard
567,27-08-2023,Female,51,Electronics,1,300,300,50000,BaseCard
568,15-08-2023,Male,52,Electronics,4,50,200,50000,BaseCard
569,15-08-2023,Male,49,Clothing,1,500,500,50000,BaseCard
570,12-12-2023,Female,41,Electronics,1,50,50,50058,BaseCard
571,20-04-2023,Male,31,Clothing,4,500,2000,70789,PrivilegedCard
572,19-09-2023,Male,49,Beauty,2,30,60,50986,BaseCard
573,31-08-2023,Female,63,Electronics,2,25,50,50000,BaseCard
574,28-03-2023,Male,60,Clothing,2,50,100,52511,BaseCard
575,04-12-2023,Female,33,Beauty,3,50,150,50000,BaseCard
576,13-02-2023,Male,21,Beauty,4,500,2000,66467,PrivilegedCard
577,26-05-2023,Female,54,Clothing,4,30,120,52349,BaseCard
578,21-09-2023,Female,38,Electronics,1,30,30,50000,BaseCard
579,06-12-2023,Female,31,Clothing,3,500,1500,62221,PrivilegedCard
580,21-11-2023,Female,48,Beauty,2,30,60,51020,BaseCard
581,14-11-2023,Male,35,Clothing,3,300,900,51847,BaseCard
582,21-06-2023,Female,24,Electronics,4,25,100,51921,BaseCard
583,17-02-2023,Female,27,Beauty,4,50,200,56936,BaseCard
584,01-05-2023,Female,24,Clothing,1,25,25,50546,BaseCard
585,11-12-2023,Male,50,Electronics,1,50,50,50747,BaseCard
586,08-06-2023,Female,40,Beauty,4,300,1200,54200,PrivilegedCard
587,26-04-2023,Male,38,Electronics,2,30,60,50000,BaseCard
588,12-04-2023,Female,36,Beauty,2,500,1000,56332,BaseCard
589,17-03-2023,Male,36,Clothing,3,300,900,50525,BaseCard
590,13-01-2023,Male,53,Electronics,4,25,100,50237,BaseCard
591,24-01-2023,Female,46,Beauty,4,500,2000,64327,PrivilegedCard
592,06-05-2023,Male,35,Electronics,2,30,60,51442,BaseCard
593,01-09-2023,Female,19,Electronics,2,300,600,52337,BaseCard
594,09-11-2023,Female,18,Clothing,4,500,2000,68872,PrivilegedCard
595,07-02-2023,Female,64,Electronics,1,300,300,50000,BaseCard
596,22-08-2023,Male,22,Beauty,4,300,1200,54769,PrivilegedCard
597,01-08-2023,Male,37,Beauty,4,30,120,50000,BaseCard
598,19-11-2023,Female,28,Beauty,2,50,100,50000,BaseCard
599,22-10-2023,Female,59,Beauty,2,500,1000,54973,BaseCard
600,10-04-2023,Male,19,Clothing,1,30,30,52271,BaseCard
601,23-12-2023,Female,20,Electronics,1,300,300,50000,BaseCard
602,16-07-2023,Female,40,Clothing,3,30,90,52626,BaseCard
603,11-09-2023,Female,29,Electronics,4,50,200,54191,BaseCard
604,24-07-2023,Male,37,Electronics,2,500,1000,55081,BaseCard
605,05-05-2023,Male,22,Electronics,1,50,50,55633,BaseCard
606,17-03-2023,Male,54,Clothing,3,25,75,50000,BaseCard
607,02-12-2023,Female,55,Electronics,3,500,1500,55056,PrivilegedCard
608,19-12-2023,Female,47,Clothing,2,50,100,50000,BaseCard
609,03-01-2023,Female,26,Beauty,2,300,600,55824,BaseCard
610,24-02-2023,Male,51,Beauty,3,500,1500,60753,PrivilegedCard
611,06-08-2023,Female,61,Electronics,1,500,500,50745,BaseCard
612,23-04-2023,Female,52,Clothing,3,30,90,50857,BaseCard
613,01-04-2023,Female,39,Beauty,4,300,1200,52202,PrivilegedCard
614,23-12-2023,Female,61,Clothing,4,25,100,57360,BaseCard
615,23-09-2023,Male,41,Clothing,2,50,100,50410,BaseCard
616,26-08-2023,Male,34,Electronics,1,30,30,50328,BaseCard
617,26-01-2023,Female,27,Beauty,1,50,50,52180,BaseCard
618,13-10-2023,Male,47,Electronics,4,25,100,51466,BaseCard
619,08-05-2023,Male,63,Electronics,3,25,75,50682,BaseCard
620,04-03-2023,Female,40,Beauty,2,500,1000,51469,BaseCard
621,22-08-2023,Female,49,Beauty,3,25,75,51425,BaseCard
622,10-03-2023,Male,34,Clothing,3,50,150,55709,BaseCard
623,26-08-2023,Female,34,Beauty,3,300,900,57130,BaseCard
624,08-12-2023,Male,31,Clothing,1,300,300,55085,BaseCard
625,29-09-2023,Female,26,Clothing,4,500,2000,64226,PrivilegedCard
626,14-10-2023,Male,57,Clothing,1,50,50,50000,BaseCard
627,01-11-2023,Female,19,Beauty,4,50,200,50000,BaseCard
628,12-06-2023,Male,62,Electronics,2,25,50,50170,BaseCard
629,15-08-2023,Male,42,Clothing,2,50,100,53305,BaseCard
630,10-11-2023,Male,56,Electronics,3,30,90,50000,BaseCard
631,16-09-2023,Female,26,Electronics,4,25,100,54611,BaseCard
632,07-08-2023,Male,39,Beauty,4,30,120,50000,BaseCard
633,08-10-2023,Male,60,Electronics,4,500,2000,64479,PrivilegedCard
634,17-08-2023,Female,63,Electronics,3,300,900,50057,BaseCard
635,23-03-2023,Female,21,Beauty,3,500,1500,53826,PrivilegedCard
636,01-09-2023,Male,43,Clothing,2,300,600,53805,BaseCard
637,19-08-2023,Male,46,Electronics,1,500,500,51132,BaseCard
638,13-05-2023,Female,62,Beauty,4,50,200,50000,BaseCard
639,07-05-2023,Female,51,Electronics,4,30,120,50000,BaseCard
640,23-11-2023,Female,40,Electronics,1,300,300,50000,BaseCard
641,22-05-2023,Female,54,Clothing,4,25,100,55030,BaseCard
642,24-09-2023,Female,28,Electronics,3,30,90,50000,BaseCard
643,06-09-2023,Male,23,Beauty,3,25,75,50000,BaseCard
644,17-11-2023,Female,35,Electronics,4,30,120,50000,BaseCard
645,03-05-2023,Male,38,Clothing,3,30,90,50000,BaseCard
646,21-05-2023,Male,59,Clothing,3,500,1500,50700,PrivilegedCard
647,14-08-2023,Male,53,Beauty,4,300,1200,55415,PrivilegedCard
648,09-02-2023,Female,58,Clothing,2,300,600,50643,BaseCard
649,01-01-2024,Male,55,Electronics,1,30,30,52089,BaseCard
650,27-05-2023,Male,51,Clothing,3,50,150,55610,BaseCard
651,01-05-2023,Female,34,Beauty,2,50,100,53402,BaseCard
652,20-05-2023,Male,54,Clothing,3,25,75,50000,BaseCard
653,21-06-2023,Male,42,Clothing,3,25,75,50000,BaseCard
654,13-06-2023,Female,55,Clothing,1,500,500,58632,BaseCard
655,04-10-2023,Male,29,Beauty,3,30,90,50195,BaseCard
656,11-02-2023,Male,40,Clothing,1,25,25,50042,BaseCard
657,12-03-2023,Male,59,Clothing,1,25,25,50000,BaseCard
658,19-03-2023,Female,39,Electronics,1,30,30,50594,BaseCard
659,29-04-2023,Female,38,Beauty,2,500,1000,53408,BaseCard
660,16-07-2023,Female,44,Clothing,4,25,100,50000,BaseCard
661,22-12-2023,Male,48,Beauty,2,500,1000,52200,BaseCard
662,20-03-2023,Male,23,Clothing,4,300,1200,55480,PrivilegedCard
663,28-12-2023,Female,44,Clothing,4,500,2000,64129,PrivilegedCard
664,20-04-2023,Male,57,Clothing,1,50,50,50000,BaseCard
665,02-02-2023,Male,51,Electronics,3,50,150,50382,BaseCard
666,01-08-2023,Female,29,Electronics,1,500,500,50147,BaseCard
667,28-07-2023,Female,62,Electronics,3,50,150,54575,BaseCard
668,19-06-2023,Male,24,Beauty,4,300,1200,50000,PrivilegedCard
669,05-10-2023,Male,27,Beauty,1,30,30,53275,BaseCard
670,27-08-2023,Male,62,Electronics,3,50,150,53801,BaseCard
671,01-08-2023,Female,34,Beauty,2,50,100,50000,BaseCard
672,01-02-2023,Female,43,Clothing,3,500,1500,57762,PrivilegedCard
673,16-04-2023,Female,38,Clothing,1,300,300,50000,BaseCard
674,04-08-2023,Female,45,Clothing,2,30,60,50000,BaseCard
675,19-07-2023,Male,63,Electronics,3,500,1500,56457,PrivilegedCard
676,27-10-2023,Female,19,Beauty,3,500,1500,55458,PrivilegedCard
677,23-12-2023,Female,60,Electronics,3,300,900,58350,BaseCard
678,11-01-2023,Female,18,Beauty,3,30,90,52824,BaseCard
679,22-10-2023,Female,53,Clothing,3,300,900,56908,BaseCard
680,14-07-2023,Female,43,Electronics,2,30,60,52170,BaseCard
681,02-09-2023,Male,46,Beauty,4,300,1200,52191,PrivilegedCard
682,04-01-2023,Male,38,Beauty,2,500,1000,52267,BaseCard
683,30-06-2023,Female,28,Clothing,2,500,1000,55309,BaseCard
684,02-06-2023,Male,57,Electronics,2,25,50,50000,BaseCard
685,19-07-2023,Female,28,Electronics,4,50,200,52263,BaseCard
686,03-08-2023,Female,53,Electronics,1,300,300,50000,BaseCard
687,03-10-2023,Male,56,Clothing,4,25,100,50000,BaseCard
688,07-10-2023,Male,57,Electronics,2,50,100,52156,BaseCard
689,05-11-2023,Female,52,Clothing,3,300,900,54426,BaseCard
690,23-04-2023,Female,51,Clothing,3,30,90,50000,BaseCard
691,07-09-2023,Female,64,Clothing,2,50,100,53501,BaseCard
692,23-04-2023,Male,41,Beauty,3,500,1500,55547,PrivilegedCard
693,20-05-2023,Female,39,Electronics,2,25,50,51850,BaseCard
694,12-08-2023,Female,22,Electronics,3,50,150,51842,BaseCard
695,06-09-2023,Female,50,Clothing,4,50,200,50000,BaseCard
696,15-01-2023,Male,53,Clothing,1,500,500,51890,BaseCard
697,19-07-2023,Female,64,Electronics,1,300,300,50000,BaseCard
698,22-06-2023,Female,37,Clothing,4,30,120,52809,BaseCard
699,09-12-2023,Male,36,Electronics,4,500,2000,65205,PrivilegedCard
700,14-12-2023,Female,52,Beauty,2,30,60,50000,BaseCard
701,27-07-2023,Female,60,Clothing,2,300,600,54483,BaseCard
702,26-03-2023,Male,34,Electronics,2,50,100,50000,BaseCard
703,28-08-2023,Female,62,Clothing,3,30,90,50000,BaseCard
704,07-03-2023,Male,60,Electronics,2,25,50,50000,BaseCard
705,15-11-2023,Male,51,Electronics,4,25,100,51841,BaseCard
706,01-10-2023,Female,26,Clothing,1,500,500,50000,BaseCard
707,14-01-2023,Female,43,Beauty,3,300,900,58358,BaseCard
708,21-07-2023,Female,19,Electronics,2,500,1000,50000,BaseCard
709,31-10-2023,Female,26,Electronics,3,500,1500,63880,PrivilegedCard
710,16-10-2023,Male,26,Electronics,3,500,1500,59423,PrivilegedCard
711,06-12-2023,Female,57,Beauty,2,25,50,50000,BaseCard
712,14-01-2023,Male,34,Beauty,3,25,75,50000,BaseCard
713,12-02-2023,Female,18,Clothing,1,500,500,52109,BaseCard
714,26-11-2023,Female,42,Beauty,4,25,100,50000,BaseCard
715,08-08-2023,Female,60,Clothing,4,300,1200,58888,PrivilegedCard
716,11-03-2023,Male,57,Clothing,1,500,500,51254,BaseCard
717,25-08-2023,Female,59,Beauty,3,25,75,50461,BaseCard
718,04-04-2023,Female,42,Clothing,2,30,60,50000,BaseCard
719,26-01-2023,Female,56,Beauty,3,500,1500,58619,PrivilegedCard
720,14-05-2023,Female,52,Clothing,1,500,500,51835,BaseCard
721,14-07-2023,Male,20,Beauty,3,300,900,50000,BaseCard
722,17-06-2023,Female,54,Beauty,4,50,200,50000,BaseCard
723,19-04-2023,Male,61,Clothing,3,50,150,52293,BaseCard
724,21-08-2023,Male,61,Electronics,1,300,300,50818,BaseCard
725,17-06-2023,Male,47,Clothing,4,300,1200,55026,PrivilegedCard
726,22-06-2023,Male,55,Beauty,3,300,900,53149,BaseCard
727,14-07-2023,Male,51,Electronics,3,50,150,51106,BaseCard
728,23-05-2023,Male,29,Clothing,4,300,1200,53959,PrivilegedCard
729,04-08-2023,Female,36,Clothing,2,25,50,50000,BaseCard
730,10-05-2023,Male,54,Clothing,4,500,2000,66347,PrivilegedCard
731,11-02-2023,Male,61,Electronics,2,500,1000,50906,BaseCard
732,29-08-2023,Male,34,Beauty,1,30,30,51225,BaseCard
733,10-01-2023,Female,27,Clothing,1,30,30,50000,BaseCard
734,04-10-2023,Female,64,Clothing,4,500,2000,68847,PrivilegedCard
735,27-01-2023,Male,29,Clothing,4,25,100,51441,BaseCard
736,29-06-2023,Female,33,Clothing,1,50,50,50771,BaseCard
737,25-04-2023,Male,41,Clothing,2,50,100,52971,BaseCard
738,29-11-2023,Male,36,Beauty,1,25,25,54996,BaseCard
739,05-02-2023,Female,25,Beauty,4,50,200,53167,BaseCard
740,30-11-2023,Male,48,Clothing,1,300,300,50000,BaseCard
741,21-01-2023,Female,38,Electronics,4,500,2000,61921,PrivilegedCard
742,16-01-2023,Female,34,Beauty,4,500,2000,63885,PrivilegedCard
743,07-05-2023,Male,40,Electronics,1,25,25,50078,BaseCard
744,13-04-2023,Male,54,Beauty,2,50,100,51576,BaseCard
745,11-01-2023,Female,33,Clothing,3,30,90,50000,BaseCard
746,15-11-2023,Male,23,Beauty,1,30,30,50560,BaseCard
747,20-03-2023,Male,25,Clothing,3,50,150,50000,BaseCard
748,03-05-2023,Male,42,Beauty,1,30,30,50000,BaseCard
749,06-03-2023,Female,35,Clothing,3,25,75,50000,BaseCard
750,31-08-2023,Female,42,Clothing,2,25,50,50000,BaseCard
751,09-12-2023,Male,29,Clothing,2,50,100,50000,BaseCard
752,28-02-2023,Female,32,Clothing,1,30,30,50000,BaseCard
753,16-10-2023,Female,43,Electronics,4,25,100,53184,BaseCard
754,22-04-2023,Female,58,Clothing,3,25,75,50000,BaseCard
755,27-08-2023,Female,62,Electronics,4,300,1200,63475,PrivilegedCard
756,25-12-2023,Female,43,Electronics,4,300,1200,57058,PrivilegedCard
757,12-05-2023,Male,64,Clothing,4,25,100,50577,BaseCard
758,08-07-2023,Male,49,Electronics,2,50,100,50000,BaseCard
759,27-03-2023,Male,27,Beauty,1,500,500,53013,BaseCard
760,07-11-2023,Female,33,Clothing,1,500,500,50000,BaseCard
761,07-11-2023,Female,24,Electronics,2,25,50,50369,BaseCard
762,28-02-2023,Male,34,Clothing,2,25,50,57683,BaseCard
763,25-03-2023,Female,40,Clothing,1,25,25,50000,BaseCard
764,09-06-2023,Male,43,Clothing,4,50,200,53572,BaseCard
765,25-02-2023,Male,38,Electronics,3,300,900,50984,BaseCard
766,24-10-2023,Male,39,Beauty,3,25,75,50000,BaseCard
767,14-01-2023,Female,24,Beauty,3,25,75,55323,BaseCard
768,09-06-2023,Female,31,Electronics,4,30,120,50000,BaseCard
769,22-10-2023,Male,32,Clothing,1,50,50,55440,BaseCard
770,13-12-2023,Male,24,Electronics,2,25,50,52126,BaseCard
771,12-07-2023,Male,26,Electronics,1,30,30,50000,BaseCard
772,23-07-2023,Male,25,Electronics,4,500,2000,67657,PrivilegedCard
773,12-04-2023,Female,40,Clothing,2,25,50,52920,BaseCard
774,08-02-2023,Female,46,Electronics,4,25,100,51888,BaseCard
775,31-10-2023,Male,35,Clothing,3,30,90,50000,BaseCard
776,20-12-2023,Male,48,Electronics,3,50,150,50000,BaseCard
777,18-11-2023,Female,47,Beauty,4,25,100,50000,BaseCard
778,05-05-2023,Female,56,Electronics,2,500,1000,53618,BaseCard
779,22-02-2023,Male,52,Electronics,2,25,50,51865,BaseCard
780,23-12-2023,Male,35,Beauty,1,500,500,51445,BaseCard
781,04-06-2023,Male,59,Clothing,3,300,900,50000,BaseCard
782,17-12-2023,Female,56,Clothing,1,300,300,51446,BaseCard
783,04-11-2023,Female,34,Electronics,1,500,500,52743,BaseCard
784,03-03-2023,Female,31,Beauty,4,50,200,51803,BaseCard
785,17-10-2023,Male,48,Clothing,4,25,100,53265,BaseCard
786,22-01-2023,Male,41,Electronics,1,25,25,52502,BaseCard
787,27-06-2023,Female,52,Beauty,3,300,900,54471,BaseCard
788,30-09-2023,Female,61,Clothing,4,500,2000,65549,PrivilegedCard
789,08-08-2023,Male,62,Clothing,1,25,25,50000,BaseCard
790,05-12-2023,Female,51,Beauty,1,25,25,51289,BaseCard
791,09-07-2023,Female,20,Beauty,1,50,50,50626,BaseCard
792,05-02-2023,Male,54,Beauty,1,30,30,50815,BaseCard
793,17-09-2023,Female,60,Beauty,1,300,300,50000,BaseCard
794,28-11-2023,Male,57,Electronics,1,300,300,50000,BaseCard
795,24-06-2023,Male,43,Beauty,4,30,120,53196,BaseCard
796,07-01-2023,Male,40,Clothing,3,25,75,50000,BaseCard
797,04-08-2023,Male,61,Clothing,1,50,50,52047,BaseCard
798,08-09-2023,Male,56,Electronics,2,50,100,50108,BaseCard
799,24-02-2023,Male,32,Clothing,4,300,1200,55667,PrivilegedCard
800,10-08-2023,Male,21,Clothing,4,50,200,52939,BaseCard
801,05-07-2023,Female,46,Beauty,1,30,30,50000,BaseCard
802,22-11-2023,Male,39,Clothing,4,25,100,50311,BaseCard
803,24-08-2023,Male,42,Electronics,1,30,30,50000,BaseCard
804,29-12-2023,Female,30,Beauty,3,500,1500,57487,PrivilegedCard
805,20-03-2023,Female,35,Beauty,3,300,900,52166,BaseCard
806,11-08-2023,Female,50,Electronics,4,50,200,50790,BaseCard
807,01-04-2023,Male,33,Beauty,4,500,2000,64323,PrivilegedCard
808,25-09-2023,Female,62,Beauty,2,50,100,53790,BaseCard
809,30-11-2023,Male,59,Electronics,4,25,100,50000,BaseCard
810,19-05-2023,Male,61,Beauty,2,25,50,50000,BaseCard
811,12-11-2023,Male,19,Electronics,3,25,75,50000,BaseCard
812,03-10-2023,Male,52,Electronics,3,50,150,54404,BaseCard
813,05-09-2023,Female,59,Clothing,1,500,500,51501,BaseCard
814,27-08-2023,Female,51,Clothing,3,25,75,53106,BaseCard
815,12-08-2023,Male,47,Beauty,2,500,1000,50000,BaseCard
816,31-10-2023,Male,30,Beauty,4,50,200,50925,BaseCard
817,18-05-2023,Male,30,Electronics,1,500,500,53580,BaseCard
818,15-06-2023,Female,35,Beauty,2,50,100,50270,BaseCard
819,06-05-2023,Male,49,Electronics,4,50,200,53320,BaseCard
820,14-02-2023,Male,49,Electronics,1,300,300,50000,BaseCard
821,23-05-2023,Female,52,Beauty,3,50,150,54291,BaseCard
822,19-08-2023,Female,56,Electronics,2,50,100,56919,BaseCard
823,05-05-2023,Male,63,Clothing,4,30,120,50000,BaseCard
824,26-08-2023,Female,46,Beauty,1,25,25,50000,BaseCard
825,19-10-2023,Female,46,Clothing,1,300,300,54666,BaseCard
826,09-11-2023,Male,61,Beauty,3,300,900,57832,BaseCard
827,09-12-2023,Female,33,Electronics,4,300,1200,54010,PrivilegedCard
828,14-07-2023,Male,61,Beauty,3,30,90,50000,BaseCard
829,22-06-2023,Female,64,Clothing,3,50,150,50000,BaseCard
830,15-01-2023,Male,27,Electronics,4,25,100,50000,BaseCard
831,11-09-2023,Male,47,Beauty,4,500,2000,63004,PrivilegedCard
832,16-06-2023,Male,42,Beauty,4,50,200,50000,BaseCard
833,04-04-2023,Female,56,Beauty,2,30,60,50000,BaseCard
834,07-09-2023,Male,37,Clothing,4,50,200,50020,BaseCard
835,19-04-2023,Female,22,Clothing,1,50,50,50705,BaseCard
836,01-07-2023,Male,18,Beauty,3,30,90,54669,BaseCard
837,13-05-2023,Male,47,Electronics,2,300,600,50000,BaseCard
838,24-06-2023,Female,20,Electronics,4,300,1200,58531,PrivilegedCard
839,24-05-2023,Male,62,Clothing,2,25,50,50000,BaseCard
840,02-11-2023,Male,31,Electronics,4,25,100,50000,BaseCard
841,26-12-2023,Female,47,Clothing,2,300,600,53360,BaseCard
842,22-05-2023,Male,21,Beauty,3,500,1500,55422,PrivilegedCard
843,12-10-2023,Male,35,Clothing,3,50,150,51210,BaseCard
844,06-01-2023,Male,54,Clothing,1,500,500,51411,BaseCard
845,22-09-2023,Male,42,Beauty,1,50,50,51480,BaseCard
846,08-04-2023,Female,18,Electronics,4,300,1200,56446,PrivilegedCard
847,13-02-2023,Female,63,Clothing,3,25,75,57376,BaseCard
848,04-05-2023,Male,32,Clothing,2,25,50,50000,BaseCard
849,28-07-2023,Female,26,Beauty,2,500,1000,52248,BaseCard
850,08-09-2023,Male,32,Electronics,2,25,50,50000,BaseCard
851,12-10-2023,Female,41,Clothing,1,300,300,50000,BaseCard
852,04-05-2023,Male,21,Beauty,2,500,1000,51929,BaseCard
853,20-12-2023,Male,29,Clothing,1,50,50,53570,BaseCard
854,01-09-2023,Male,54,Beauty,1,25,25,54262,BaseCard
855,27-11-2023,Male,54,Electronics,4,30,120,50000,BaseCard
856,31-12-2023,Male,60,Electronics,2,25,50,50000,BaseCard
857,09-09-2023,Male,23,Electronics,2,50,100,51437,BaseCard
858,18-08-2023,Female,56,Electronics,3,500,1500,57134,PrivilegedCard
859,09-01-2023,Male,63,Clothing,4,50,200,52023,BaseCard
860,17-02-2023,Female,41,Clothing,3,30,90,50626,BaseCard
861,31-05-2023,Male,28,Electronics,4,300,1200,51031,PrivilegedCard
862,24-04-2023,Female,30,Electronics,2,25,50,54645,BaseCard
863,27-07-2023,Female,51,Electronics,1,500,500,56299,BaseCard
864,21-12-2023,Female,42,Clothing,1,300,300,50000,BaseCard
865,05-05-2023,Male,24,Electronics,1,50,50,50000,BaseCard
866,06-06-2023,Male,21,Electronics,1,500,500,51769,BaseCard
867,06-12-2023,Female,25,Electronics,1,300,300,51309,BaseCard
868,25-10-2023,Male,37,Beauty,3,500,1500,60766,PrivilegedCard
869,08-07-2023,Female,46,Electronics,4,30,120,56067,BaseCard
870,31-08-2023,Male,62,Beauty,2,30,60,50000,BaseCard
871,11-10-2023,Female,63,Beauty,3,25,75,50000,BaseCard
872,29-09-2023,Female,27,Electronics,4,25,100,50000,BaseCard
873,26-06-2023,Male,60,Beauty,1,30,30,50000,BaseCard
874,06-08-2023,Female,51,Electronics,4,500,2000,65660,PrivilegedCard
875,09-10-2023,Male,43,Clothing,4,30,120,55420,BaseCard
876,19-06-2023,Female,58,Clothing,1,25,25,50000,BaseCard
877,30-06-2023,Female,20,Clothing,1,30,30,50671,BaseCard
878,26-12-2023,Male,23,Clothing,1,30,30,50000,BaseCard
879,21-08-2023,Male,22,Beauty,2,500,1000,57406,BaseCard
880,19-05-2023,Male,22,Electronics,1,300,300,57886,BaseCard
881,06-06-2023,Female,64,Electronics,2,25,50,50000,BaseCard
882,09-05-2023,Male,40,Electronics,1,500,500,50000,BaseCard
883,29-04-2023,Female,26,Clothing,2,30,60,53137,BaseCard
884,03-03-2023,Female,52,Clothing,4,30,120,52082,BaseCard
885,09-04-2023,Male,37,Electronics,3,300,900,58633,BaseCard
886,11-06-2023,Male,59,Clothing,4,25,100,51775,BaseCard
887,03-03-2023,Female,52,Electronics,4,25,100,50000,BaseCard
888,02-10-2023,Female,35,Electronics,1,50,50,51774,BaseCard
889,20-12-2023,Male,34,Electronics,2,25,50,53329,BaseCard
890,05-04-2023,Male,41,Electronics,3,300,900,55555,BaseCard
891,09-04-2023,Male,20,Electronics,1,50,50,51524,BaseCard
892,21-04-2023,Male,49,Electronics,1,50,50,53203,BaseCard
893,05-09-2023,Male,52,Electronics,1,30,30,53508,BaseCard
894,22-05-2023,Female,55,Clothing,4,30,120,54183,BaseCard
895,29-10-2023,Female,30,Electronics,2,25,50,51949,BaseCard
896,26-09-2023,Female,64,Electronics,2,50,100,50000,BaseCard
897,02-11-2023,Female,42,Clothing,3,30,90,50457,BaseCard
898,25-05-2023,Male,26,Clothing,2,300,600,54955,BaseCard
899,21-02-2023,Male,21,Clothing,2,30,60,50000,BaseCard
900,10-04-2023,Male,31,Electronics,1,30,30,51106,BaseCard
901,01-06-2023,Female,54,Beauty,1,50,50,50000,BaseCard
902,27-04-2023,Female,51,Beauty,4,50,200,50210,BaseCard
903,04-07-2023,Male,28,Clothing,1,500,500,54747,BaseCard
904,02-04-2023,Male,58,Beauty,1,300,300,50879,BaseCard
905,04-06-2023,Female,20,Clothing,1,50,50,50142,BaseCard
906,08-01-2023,Female,45,Electronics,1,25,25,50000,BaseCard
907,29-12-2023,Male,46,Beauty,4,300,1200,57817,PrivilegedCard
908,01-10-2023,Male,26,Electronics,1,300,300,52242,BaseCard
909,06-03-2023,Female,20,Beauty,3,50,150,56553,BaseCard
910,21-05-2023,Male,42,Electronics,3,300,900,52170,BaseCard
911,24-01-2023,Male,51,Beauty,3,50,150,50721,BaseCard
912,28-01-2023,Male,29,Electronics,3,30,90,50765,BaseCard
913,11-10-2023,Female,59,Electronics,1,500,500,55644,BaseCard
914,30-05-2023,Female,26,Beauty,3,30,90,50000,BaseCard
915,24-12-2023,Female,32,Electronics,1,50,50,50840,BaseCard
916,06-03-2023,Female,57,Electronics,4,50,200,51947,BaseCard
917,23-11-2023,Female,42,Electronics,3,30,90,50577,BaseCard
918,09-09-2023,Female,22,Beauty,2,25,50,50000,BaseCard
919,22-02-2023,Female,28,Beauty,3,25,75,50592,BaseCard
920,07-01-2023,Male,51,Electronics,3,25,75,53231,BaseCard
921,21-10-2023,Male,41,Electronics,1,50,50,50000,BaseCard
922,26-05-2023,Male,32,Beauty,3,300,900,53492,BaseCard
923,29-08-2023,Male,55,Beauty,2,50,100,50000,BaseCard
924,03-09-2023,Male,25,Electronics,1,300,300,53891,BaseCard
925,14-08-2023,Male,22,Electronics,1,30,30,50000,BaseCard
926,24-06-2023,Male,43,Electronics,4,500,2000,64083,PrivilegedCard
927,05-04-2023,Female,35,Clothing,4,300,1200,56710,PrivilegedCard
928,27-01-2023,Female,23,Beauty,3,25,75,54707,BaseCard
929,10-05-2023,Male,54,Clothing,4,50,200,50000,BaseCard
930,02-09-2023,Male,30,Beauty,4,30,120,50000,BaseCard
931,28-02-2023,Female,45,Beauty,4,25,100,55666,BaseCard
932,03-02-2023,Male,22,Beauty,1,30,30,50000,BaseCard
933,25-07-2023,Male,30,Beauty,1,500,500,50000,BaseCard
934,09-09-2023,Female,34,Beauty,1,50,50,51323,BaseCard
935,07-02-2023,Male,57,Beauty,4,50,200,50000,BaseCard
936,23-10-2023,Female,62,Beauty,1,500,500,50000,BaseCard
937,19-11-2023,Male,49,Clothing,4,50,200,52249,BaseCard
938,18-12-2023,Female,46,Electronics,1,300,300,51037,BaseCard
939,28-01-2023,Female,20,Electronics,1,30,30,50000,BaseCard
940,19-03-2023,Female,57,Clothing,2,25,50,50000,BaseCard
941,18-03-2023,Male,51,Clothing,3,500,1500,61408,PrivilegedCard
942,16-10-2023,Female,57,Clothing,4,300,1200,57529,PrivilegedCard
943,05-06-2023,Male,44,Clothing,2,25,50,50000,BaseCard
944,13-02-2023,Male,30,Beauty,1,25,25,55540,BaseCard
945,08-05-2023,Male,62,Electronics,4,500,2000,62549,PrivilegedCard
946,02-03-2023,Male,50,Beauty,1,300,300,50000,BaseCard
947,13-10-2023,Female,23,Electronics,3,25,75,50000,BaseCard
948,02-08-2023,Female,41,Electronics,2,25,50,50000,BaseCard
949,07-11-2023,Male,36,Clothing,3,300,900,53823,BaseCard
950,02-11-2023,Male,33,Beauty,2,50,100,50000,BaseCard
951,13-11-2023,Female,57,Clothing,1,25,25,51056,BaseCard
952,26-04-2023,Male,45,Beauty,3,30,90,50000,BaseCard
953,25-09-2023,Female,50,Electronics,3,300,900,57425,BaseCard
954,14-07-2023,Male,58,Clothing,1,25,25,50000,BaseCard
955,19-08-2023,Male,30,Clothing,3,500,1500,62142,PrivilegedCard
956,15-08-2023,Female,60,Electronics,4,30,120,51065,BaseCard
957,02-06-2023,Male,62,Electronics,2,25,50,51373,BaseCard
958,29-10-2023,Female,42,Electronics,2,30,60,51714,BaseCard
959,08-08-2023,Male,59,Clothing,2,30,60,51348,BaseCard
960,06-06-2023,Male,53,Beauty,4,50,200,52052,BaseCard
961,19-10-2023,Male,44,Clothing,2,30,60,53992,BaseCard
962,14-11-2023,Female,55,Beauty,1,50,50,50592,BaseCard
963,31-01-2023,Male,24,Clothing,3,300,900,55220,BaseCard
964,09-11-2023,Male,22,Clothing,4,50,200,50000,BaseCard
965,20-02-2023,Male,60,Electronics,2,500,1000,58161,BaseCard
966,17-04-2023,Male,62,Beauty,1,25,25,50000,BaseCard
967,17-11-2023,Female,48,Clothing,3,300,900,58496,BaseCard
968,19-04-2023,Female,40,Clothing,3,300,900,52973,BaseCard
969,16-05-2023,Male,59,Electronics,4,500,2000,61467,PrivilegedCard
970,05-12-2023,Female,27,Electronics,4,50,200,50508,BaseCard
971,11-02-2023,Male,49,Beauty,4,25,100,50000,BaseCard
972,22-03-2023,Male,60,Clothing,1,50,50,52524,BaseCard
973,03-05-2023,Male,47,Beauty,1,30,30,50000,BaseCard
974,30-03-2023,Female,56,Clothing,4,50,200,50000,BaseCard
975,10-10-2023,Female,48,Beauty,2,300,600,50000,BaseCard
976,08-02-2023,Female,35,Electronics,3,25,75,50000,BaseCard
977,22-03-2023,Female,53,Clothing,3,50,150,50000,BaseCard
978,02-01-2023,Female,19,Beauty,1,25,25,50000,BaseCard
979,29-07-2023,Female,31,Electronics,3,25,75,52291,BaseCard
980,19-08-2023,Female,30,Electronics,2,30,60,52362,BaseCard
981,19-12-2023,Female,46,Beauty,3,30,90,51293,BaseCard
982,01-11-2023,Female,29,Clothing,1,300,300,50000,BaseCard
983,29-08-2023,Male,56,Clothing,1,500,500,50768,BaseCard
984,30-05-2023,Female,19,Electronics,2,25,50,50000,BaseCard
985,17-01-2023,Female,49,Clothing,2,500,1000,50366,BaseCard
986,29-04-2023,Female,30,Clothing,3,300,900,57604,BaseCard
987,28-05-2023,Female,63,Clothing,3,25,75,52642,BaseCard
988,28-12-2023,Female,44,Electronics,1,25,25,50000,BaseCard
989,25-05-2023,Female,58,Beauty,2,500,1000,53921,BaseCard
990,26-12-2023,Female,34,Clothing,2,50,100,50648,BaseCard
991,21-08-2023,Female,57,Electronics,2,30,60,50000,BaseCard
992,06-02-2023,Female,48,Electronics,3,50,150,50000,BaseCard
993,18-12-2023,Female,51,Beauty,2,500,1000,51795,BaseCard
994,30-04-2023,Female,41,Clothing,1,30,30,50000,BaseCard
995,16-05-2023,Male,62,Clothing,1,50,50,50000,BaseCard
996,17-11-2023,Male,52,Beauty,3,30,90,55410,BaseCard
997,29-10-2023,Female,23,Beauty,4,25,100,51945,BaseCard
998,05-12-2023,Female,36,Electronics,3,50,150,50000,BaseCard
999,12-04-2023,Male,47,Electronics,4,30,120,51754,BaseCard
